price_date,ticker,close,source,secondary_close,verification,generated_at_cst
2026-09-28,000752.SZ,9.010,Tencent_qfq,,SINGLE_SOURCE,2026-09-29 09:52:07+0800
2026-09-28,002360.SZ,5.580,Tencent_qfq,,SINGLE_SOURCE,2026-09-29 09:52:07+0800
2026-09-28,600491.SH,1.520,Tencent_qfq,,SINGLE_SOURCE,2026-09-29 09:52:07+0800
2026-09-28,002168.SZ,3.550,Tencent_qfq,,SINGLE_SOURCE,2026-09-29 09:52:07+0800
2026-09-28,002634.SZ,4.040,Tencent_qfq,,SINGLE_SOURCE,2026-09-29 09:52:07+0800
2026-09-28,300212.SZ,7.490,Tencent_qfq,,SINGLE_SOURCE,2026-09-29 09:52:07+0800
2026-09-28,000610.SZ,7.200,Tencent_qfq,,SINGLE_SOURCE,2026-09-29 09:52:07+0800
2026-09-28,002856.SZ,18.020,Tencent_qfq,,SINGLE_SOURCE,2026-09-29 09:52:07+0800
2026-09-28,002542.SZ,1.530,Tencent_qfq,,SINGLE_SOURCE,2026-09-29 09:52:07+0800
2026-09-28,300205.SZ,5.200,Tencent_qfq,,SINGLE_SOURCE,2026-09-29 09:52:07+0800
