ticker,price_date,close,return_1d_pct,return_5d_pct,return_20d_pct,source,freshness
000010.SZ,2026-09-28,1.47,-2.0,-6.962025316455694,-8.125,Tencent_raw,LATEST
000610.SZ,2026-09-28,7.2,-2.702702702702709,-12.408759124087595,5.417276720351396,Tencent_raw,LATEST
000632.SZ,2026-09-28,3.62,-3.4666666666666686,-10.173697270471465,-17.539863325740313,Tencent_raw,LATEST
000669.SZ,2026-09-28,4.1,-2.380952380952394,-1.4423076923077076,-3.7558685446009434,Tencent_raw,LATEST
000826.SZ,2026-09-28,1.76,-1.1235955056179847,-5.882352941176478,-8.808290155440417,Tencent_raw,LATEST
000838.SZ,2026-09-28,2.16,-6.493506493506487,-4.845814977973561,-27.516778523489933,Tencent_raw,LATEST
000972.SZ,2026-09-28,3.85,-2.7777777777777857,-1.2820512820512704,0.5221932114882577,Tencent_raw,LATEST
002168.SZ,2026-09-28,3.55,-1.1142061281337163,-2.4725274725274886,-8.268733850129209,Tencent_raw,LATEST
002360.SZ,2026-09-28,5.58,1.4545454545454675,4.690431519699814,-4.123711340206199,Tencent_raw,LATEST
002528.SZ,2026-09-28,5.92,3.3158813263525246,-8.359133126934978,-10.977443609022558,Tencent_raw,LATEST
002547.SZ,2026-09-28,2.4,-2.0408163265306314,-3.225806451612911,-10.112359550561806,Tencent_raw,LATEST
002620.SZ,2026-09-28,5.2,-9.09090909090908,-10.189982728842821,-6.642728904847388,Tencent_raw,LATEST
002634.SZ,2026-09-28,4.04,0.0,-0.4926108374384057,-4.941176470588232,Tencent_raw,LATEST
002726.SZ,2026-09-28,2.43,1.6736401673640273,2.1008403361344676,-10.989010989010978,Tencent_raw,LATEST
002743.SZ,2026-09-28,4.49,-5.473684210526315,-14.312977099236647,-3.4408602150537604,Tencent_raw,LATEST
002789.SZ,2026-09-28,13.74,-2.206405693950188,-1.7167381974248883,31.106870229007626,Tencent_raw,LATEST
002856.SZ,2026-09-28,18.02,1.292861157953908,-22.327586206896555,7.070707070707073,Tencent_raw,LATEST
300027.SZ,2026-09-28,1.64,-2.3809523809523796,-5.747126436781613,-8.379888268156435,Tencent_raw,LATEST
300044.SZ,2026-09-28,6.02,-1.9543973941368051,0.0,12.313432835820876,Tencent_raw,LATEST
300068.SZ,2026-09-28,4.02,-2.427184466019426,-7.373271889400925,-1.2285012285012442,Tencent_raw,LATEST
300123.SZ,2026-09-28,4.17,-4.357798165137623,-8.35164835164835,-7.538802660753873,Tencent_raw,LATEST
300147.SZ,2026-09-28,5.2,-7.47330960854093,-20.367534456355287,-21.092564491654016,Tencent_raw,LATEST
300198.SZ,2026-09-28,2.2,-3.083700440528631,-3.083700440528631,-7.949790794979066,Tencent_raw,LATEST
300212.SZ,2026-09-28,7.49,-2.7272727272727195,-5.189873417721529,-3.1047865459249806,Tencent_raw,LATEST
300301.SZ,2026-09-28,3.86,7.222222222222214,11.239193083573483,14.88095238095238,Tencent_raw,LATEST
300338.SZ,2026-09-28,2.69,-4.60992907801419,-12.377850162866437,-15.67398119122258,Tencent_raw,LATEST
300385.SZ,2026-09-28,12.92,-3.293413173652695,-1.6742770167427778,1.2539184952978104,Tencent_raw,LATEST
300472.SZ,2026-09-28,6.66,-3.0567685589519584,-1.6248153618906827,-3.0567685589519584,Tencent_raw,LATEST
300477.SZ,2026-09-28,2.64,0.0,0.3802281368821383,2.3255813953488484,Tencent_raw,LATEST
300716.SZ,2026-09-28,17.43,-2.3529411764706083,-5.374592833876235,-8.214849921011051,Tencent_raw,LATEST
301030.SZ,2026-09-28,4.85,-9.005628517823652,-25.15432098765433,-40.56372549019608,Tencent_raw,LATEST
600180.SH,2026-09-28,1.5,-3.225806451612911,-7.975460122699388,-1.3157894736842195,Tencent_raw,LATEST
600337.SH,2026-09-28,3.49,1.749271137026227,12.218649517684895,12.218649517684895,Tencent_raw,LATEST
600340.SH,2026-09-28,1.29,10.256410256410263,16.21621621621621,18.34862385321101,Tencent_raw,LATEST
600491.SH,2026-09-28,1.52,-6.172839506172849,-10.588235294117638,-9.523809523809518,Tencent_raw,LATEST
600537.SH,2026-09-28,2.1,-5.4054054054054035,-0.4739336492890942,-3.225806451612897,Tencent_raw,LATEST
600881.SH,2026-09-28,1.86,0.5405405405405332,-3.6269430051813316,-6.532663316582912,Tencent_raw,LATEST
603377.SH,2026-09-28,3.06,-4.075235109717866,-7.552870090634443,5.882352941176478,Tencent_raw,LATEST
603378.SH,2026-09-28,4.62,-1.9108280254777128,-18.518518518518505,-29.032258064516128,Tencent_raw,LATEST
603398.SH,2026-09-28,8.24,-5.828571428571422,-11.397849462365599,-20.692974013474497,Tencent_raw,LATEST
603843.SH,2026-09-28,6.04,-4.581358609794634,-12.081513828238727,-20.526315789473685,Tencent_raw,LATEST
603959.SH,2026-09-28,4.22,-2.088167053364259,-5.381165919282509,-2.764976958525338,Tencent_raw,LATEST
688033.SH,2026-09-28,7.15,-4.793608521970697,-2.322404371584696,16.830065359477132,Tencent_raw,LATEST
000752.SZ,2026-09-28,9.01,0.558035714285694,3.6823935558112737,3.444316877152673,Tencent_raw,LATEST
000829.SZ,2026-09-28,8.66,-7.0815450643776785,-2.4774774774774926,-1.1415525114155258,Tencent_raw,LATEST
002514.SZ,2026-09-28,2.54,2.00803212851406,-1.5503875968992276,43.502824858757066,Tencent_raw,LATEST
300205.SZ,2026-09-28,5.2,-2.985074626865668,4.0,4.417670682730915,Tencent_raw,LATEST
300460.SZ,2026-09-28,8.91,-1.6556291390728575,1.25,4.088785046728958,Tencent_raw,LATEST
002542.SZ,2026-09-28,1.53,-6.134969325153364,-8.928571428571416,-14.52513966480447,Tencent_raw,LATEST
000056.SZ,2026-09-28,2.73,-1.0869565217391255,9.200000000000003,31.25,Tencent_raw,LATEST
