ticker,price_date,close,return_1d_pct,return_5d_pct,return_20d_pct,source,freshness,expected_session
000010.SZ,2026-10-09,1.38,-2.1276596,-8.0,-16.3636364,Tencent_raw,LATEST,2026-10-09
000610.SZ,2026-10-09,7.16,-4.9136786,-3.2432432,-2.1857923,Tencent_raw,LATEST,2026-10-09
000632.SZ,2026-10-09,3.61,-1.0958904,-3.7333333,-12.8019324,Tencent_raw,LATEST,2026-10-09
000669.SZ,2026-10-09,4.04,-0.7371007,-3.8095238,-6.2645012,Tencent_raw,LATEST,2026-10-09
000826.SZ,2026-10-09,1.71,0.0,-3.9325843,-7.5675676,Tencent_raw,LATEST,2026-10-09
000838.SZ,2026-10-09,2.42,-3.2,4.7619048,-14.7887324,Tencent_raw,LATEST,2026-10-09
000972.SZ,2026-10-09,4.18,3.9800995,5.5555556,9.7112861,Tencent_raw,LATEST,2026-10-09
002168.SZ,2026-10-09,3.61,2.5568182,0.5571031,-4.2440318,Tencent_raw,LATEST,2026-10-09
002360.SZ,2026-10-09,5.22,2.1526419,-5.0909091,-9.6885813,Tencent_raw,LATEST,2026-10-09
002528.SZ,2026-10-09,6.06,-0.3289474,5.7591623,-16.066482,Tencent_raw,LATEST,2026-10-09
002547.SZ,2026-10-09,2.64,-3.2967033,7.755102,1.1494253,Tencent_raw,LATEST,2026-10-09
002620.SZ,2026-10-09,5.15,-0.3868472,-9.965035,-10.5902778,Tencent_raw,LATEST,2026-10-09
002634.SZ,2026-10-09,3.92,1.0309278,-2.970297,-3.4482759,Tencent_raw,LATEST,2026-10-09
002726.SZ,2026-10-09,2.16,-2.7027027,-9.623431,-16.2790698,Tencent_raw,LATEST,2026-10-09
002743.SZ,2026-10-09,4.21,-3.8812785,-11.3684211,-17.2888016,Tencent_raw,LATEST,2026-10-09
002789.SZ,2026-10-09,13.89,-2.5263158,-1.13879,18.0118946,Tencent_raw,LATEST,2026-10-09
002856.SZ,2026-10-09,17.51,-9.9742931,-1.5739179,-5.3513514,Tencent_raw,LATEST,2026-10-09
300027.SZ,2026-10-09,1.7,3.6585366,1.1904762,-5.027933,Tencent_raw,LATEST,2026-10-09
300044.SZ,2026-10-09,5.78,0.1733102,-5.8631922,-3.6666667,Tencent_raw,LATEST,2026-10-09
300068.SZ,2026-10-09,4.04,2.7989822,-1.9417476,-1.4634146,Tencent_raw,LATEST,2026-10-09
300123.SZ,2026-10-09,4.22,0.9569378,-3.2110092,-18.3752418,Tencent_raw,LATEST,2026-10-09
300147.SZ,2026-10-09,5.49,0.5494505,-2.3131673,-12.718601,Tencent_raw,LATEST,2026-10-09
300198.SZ,2026-10-09,2.38,1.7094017,4.845815,-2.0576132,Tencent_raw,LATEST,2026-10-09
300212.SZ,2026-10-09,7.77,1.7015707,0.9090909,-3.9555006,Tencent_raw,LATEST,2026-10-09
300301.SZ,2026-10-09,4.13,-0.7211538,14.7222222,18.0,Tencent_raw,LATEST,2026-10-09
300338.SZ,2026-10-09,2.53,2.016129,-10.2836879,-19.1693291,Tencent_raw,LATEST,2026-10-09
300385.SZ,2026-10-09,12.26,-1.92,-8.2335329,-12.1776504,Tencent_raw,LATEST,2026-10-09
300472.SZ,2026-10-09,7.08,4.7337278,3.0567686,-1.5299026,Tencent_raw,LATEST,2026-10-09
300477.SZ,2026-10-09,2.78,0.3610108,5.3030303,6.9230769,Tencent_raw,LATEST,2026-10-09
300716.SZ,2026-10-09,16.84,1.7522659,-5.6582633,-8.2288828,Tencent_raw,LATEST,2026-10-09
301030.SZ,2026-10-09,3.75,-7.635468,-29.6435272,-53.4161491,Tencent_raw,LATEST,2026-10-09
600180.SH,2026-10-09,1.46,0.0,-5.8064516,2.8169014,Tencent_raw,LATEST,2026-10-09
600337.SH,2026-10-09,3.5,-6.4171123,2.0408163,9.375,Tencent_raw,LATEST,2026-10-09
600340.SH,2026-10-09,1.32,-1.4925373,12.8205128,23.364486,Tencent_raw,LATEST,2026-10-09
600491.SH,2026-10-09,1.48,-1.3333333,-8.6419753,-5.7324841,Tencent_raw,LATEST,2026-10-09
600537.SH,2026-10-09,2.07,-0.9569378,-6.7567568,-3.271028,Tencent_raw,LATEST,2026-10-09
600881.SH,2026-10-09,1.92,3.2258065,3.7837838,3.7837838,Tencent_raw,LATEST,2026-10-09
603377.SH,2026-10-09,3.07,1.6556291,-3.7617555,1.320132,Tencent_raw,LATEST,2026-10-09
603378.SH,2026-10-09,4.45,-5.720339,-5.5201699,-34.0740741,Tencent_raw,LATEST,2026-10-09
603398.SH,2026-10-09,8.56,10.0257069,-2.1714286,-16.0784314,Tencent_raw,LATEST,2026-10-09
603843.SH,2026-10-09,6.01,1.8644068,-5.0552923,-18.8933873,Tencent_raw,LATEST,2026-10-09
603959.SH,2026-10-09,4.27,1.1848341,-0.9280742,-1.6129032,Tencent_raw,LATEST,2026-10-09
688033.SH,2026-10-09,7.32,1.1049724,-2.5299601,12.2699387,Tencent_raw,LATEST,2026-10-09
000752.SZ,2026-10-09,8.55,0.0,-4.5758929,1.4234875,Tencent_raw,LATEST,2026-10-09
000829.SZ,2026-10-09,9.51,3.4820457,2.0386266,4.162103,Tencent_raw,LATEST,2026-10-09
002514.SZ,2026-10-09,2.45,0.4098361,-1.6064257,5.6034483,Tencent_raw,LATEST,2026-10-09
300205.SZ,2026-10-09,4.81,-1.0288066,-10.261194,-3.4136546,Tencent_raw,LATEST,2026-10-09
300460.SZ,2026-10-09,8.62,-1.4857143,-4.8565121,-1.8223235,Tencent_raw,LATEST,2026-10-09
002542.SZ,2026-10-09,1.63,1.875,0.0,-2.9761905,Tencent_raw,LATEST,2026-10-09
000056.SZ,2026-10-09,2.7,-2.5270758,-2.173913,19.4690265,Tencent_raw,LATEST,2026-10-09
600678.SH,2026-10-09,5.54,0.0,-2.4647887,-7.6666667,Tencent_raw,LATEST,2026-10-09
