ticker,name
000010.SZ,美丽生态
000610.SZ,西安旅游
000632.SZ,三木集团
000669.SZ,金鸿控股
000826.SZ,启迪环境
000838.SZ,财信发展
000972.SZ,中基健康
002168.SZ,惠程科技
002360.SZ,同德化工
002528.SZ,英飞拓
002547.SZ,春兴精工
002620.SZ,瑞和股份
002634.SZ,棒杰股份
002726.SZ,龙大美食
002743.SZ,富煌钢构
002789.SZ,建艺集团
002856.SZ,美芝股份
300027.SZ,华谊兄弟
300044.SZ,赛为智能
300068.SZ,南都电源
300123.SZ,亚光科技
300147.SZ,香雪制药
300198.SZ,纳川股份
300212.SZ,易华录
300301.SZ,长方集团
300338.SZ,开元教育
300385.SZ,雪浪环境
300472.SZ,新元科技
300477.SZ,合纵科技
300716.SZ,泉为科技
301030.SZ,仕净科技
600180.SH,瑞茂通
600337.SH,美克家居
600340.SH,华夏幸福
600491.SH,龙元建设
600537.SH,亿晶光电
600881.SH,亚泰集团
603377.SH,东方时尚
603378.SH,亚士创能
603398.SH,沐邦高科
603843.SH,正平股份
603959.SH,百利科技
688033.SH,天宜新材
000752.SZ,西藏发展
000829.SZ,天音控股
002514.SZ,宝馨科技
300205.SZ,天喻信息
300460.SZ,惠伦晶体
002542.SZ,中化岩土
000056.SZ,皇庭国际
