date,ticker,open,high,low,close,volume_raw,amount_raw,source
2026-09-28,000010.SZ,1.5,1.51,1.45,1.47,92698.0,,Tencent_raw
2026-09-28,000056.SZ,2.74,2.78,2.65,2.73,261524.0,,Tencent_raw
2026-09-28,000610.SZ,7.46,7.54,7.18,7.2,58801.0,,Tencent_raw
2026-09-28,000632.SZ,3.77,3.77,3.58,3.62,114878.0,,Tencent_raw
2026-09-28,000669.SZ,4.2,4.23,4.08,4.1,36053.0,,Tencent_raw
2026-09-28,000752.SZ,8.96,9.13,8.88,9.01,28918.0,,Tencent_raw
2026-09-28,000826.SZ,1.78,1.8,1.74,1.76,142614.0,,Tencent_raw
2026-09-28,000829.SZ,9.35,9.38,8.59,8.66,401217.0,,Tencent_raw
2026-09-28,000838.SZ,2.3,2.3,2.13,2.16,311162.0,,Tencent_raw
2026-09-28,000972.SZ,4.0,4.01,3.82,3.85,149023.0,,Tencent_raw
2026-09-28,002168.SZ,3.59,3.63,3.54,3.55,26018.0,,Tencent_raw
2026-09-28,002360.SZ,5.6,5.78,5.52,5.58,87757.0,,Tencent_raw
2026-09-28,002514.SZ,2.51,2.62,2.48,2.54,314319.0,,Tencent_raw
2026-09-28,002528.SZ,5.77,6.05,5.75,5.92,189571.0,,Tencent_raw
2026-09-28,002542.SZ,1.63,1.63,1.52,1.53,230117.0,,Tencent_raw
2026-09-28,002547.SZ,2.47,2.54,2.38,2.4,395428.0,,Tencent_raw
2026-09-28,002620.SZ,5.72,5.72,5.18,5.2,94645.0,,Tencent_raw
2026-09-28,002634.SZ,4.05,4.05,3.91,4.04,64075.0,,Tencent_raw
2026-09-28,002726.SZ,2.33,2.49,2.28,2.43,461309.0,,Tencent_raw
2026-09-28,002743.SZ,4.7,4.75,4.4,4.49,121754.0,,Tencent_raw
2026-09-28,002789.SZ,14.01,14.06,13.53,13.74,15945.0,,Tencent_raw
2026-09-28,002856.SZ,17.77,18.45,17.5,18.02,79857.0,,Tencent_raw
2026-09-28,300027.SZ,1.69,1.71,1.63,1.64,463221.0,,Tencent_raw
2026-09-28,300044.SZ,6.16,6.18,5.97,6.02,112108.0,,Tencent_raw
2026-09-28,300068.SZ,4.1,4.14,3.96,4.02,296341.0,,Tencent_raw
2026-09-28,300123.SZ,4.34,4.35,4.16,4.17,208915.0,,Tencent_raw
2026-09-28,300147.SZ,5.47,5.47,5.03,5.2,196309.0,,Tencent_raw
2026-09-28,300198.SZ,2.27,2.27,2.18,2.2,98613.0,,Tencent_raw
2026-09-28,300205.SZ,5.31,5.44,5.06,5.2,42243.0,,Tencent_raw
2026-09-28,300212.SZ,7.66,7.7,7.45,7.49,72174.0,,Tencent_raw
2026-09-28,300301.SZ,3.75,3.88,3.65,3.86,335669.0,,Tencent_raw
2026-09-28,300338.SZ,2.79,2.84,2.65,2.69,104179.0,,Tencent_raw
2026-09-28,300385.SZ,13.3,13.39,12.88,12.92,37437.0,,Tencent_raw
2026-09-28,300460.SZ,9.01,9.08,8.83,8.91,38220.0,,Tencent_raw
2026-09-28,300472.SZ,6.72,6.84,6.52,6.66,37069.0,,Tencent_raw
2026-09-28,300477.SZ,2.64,2.67,2.61,2.64,126860.0,,Tencent_raw
2026-09-28,300716.SZ,17.85,17.85,16.89,17.43,16408.0,,Tencent_raw
2026-09-28,301030.SZ,5.28,5.33,4.76,4.85,172921.0,,Tencent_raw
2026-09-28,600180.SH,1.55,1.56,1.47,1.5,113983.0,,Tencent_raw
2026-09-28,600337.SH,3.5,3.52,3.35,3.49,304193.0,,Tencent_raw
2026-09-28,600340.SH,1.18,1.29,1.18,1.29,1851706.0,,Tencent_raw
2026-09-28,600491.SH,1.6,1.6,1.51,1.52,510401.0,,Tencent_raw
2026-09-28,600537.SH,2.21,2.22,2.08,2.1,308397.0,,Tencent_raw
2026-09-28,600881.SH,1.85,1.87,1.82,1.86,727825.0,,Tencent_raw
2026-09-28,603377.SH,3.2,3.2,3.06,3.06,25083.0,,Tencent_raw
2026-09-28,603378.SH,4.76,4.76,4.54,4.62,107548.0,,Tencent_raw
2026-09-28,603398.SH,8.66,8.66,8.22,8.24,43097.0,,Tencent_raw
2026-09-28,603843.SH,6.33,6.4,6.04,6.04,103880.0,,Tencent_raw
2026-09-28,603959.SH,4.3,4.3,4.2,4.22,29277.0,,Tencent_raw
2026-09-28,688033.SH,7.51,7.59,7.15,7.15,3848806.0,,Tencent_raw
