date,ticker,close,source,has_20260928,amount_raw
2026-09-28,000010.SZ,1.47,Tencent_raw,1,
2026-09-28,000610.SZ,7.2,Tencent_raw,1,
2026-09-28,000632.SZ,3.62,Tencent_raw,1,
2026-09-28,000669.SZ,4.1,Tencent_raw,1,
2026-09-28,000826.SZ,1.76,Tencent_raw,1,
2026-09-28,000838.SZ,2.16,Tencent_raw,1,
2026-09-28,000972.SZ,3.85,Tencent_raw,1,
2026-09-28,002168.SZ,3.55,Tencent_raw,1,
2026-09-28,002360.SZ,5.58,Tencent_raw,1,
2026-09-28,002528.SZ,5.92,Tencent_raw,1,
2026-09-28,002547.SZ,2.4,Tencent_raw,1,
2026-09-28,002620.SZ,5.2,Tencent_raw,1,
2026-09-28,002634.SZ,4.04,Tencent_raw,1,
2026-09-28,002726.SZ,2.43,Tencent_raw,1,
2026-09-28,002743.SZ,4.49,Tencent_raw,1,
2026-09-28,002789.SZ,13.74,Tencent_raw,1,
2026-09-28,002856.SZ,18.02,Tencent_raw,1,
2026-09-28,300027.SZ,1.64,Tencent_raw,1,
2026-09-28,300044.SZ,6.02,Tencent_raw,1,
2026-09-28,300068.SZ,4.02,Tencent_raw,1,
2026-09-28,300123.SZ,4.17,Tencent_raw,1,
2026-09-28,300147.SZ,5.2,Tencent_raw,1,
2026-09-28,300198.SZ,2.2,Tencent_raw,1,
2026-09-28,300212.SZ,7.49,Tencent_raw,1,
2026-09-28,300301.SZ,3.86,Tencent_raw,1,
2026-09-28,300338.SZ,2.69,Tencent_raw,1,
2026-09-28,300385.SZ,12.92,Tencent_raw,1,
2026-09-28,300472.SZ,6.66,Tencent_raw,1,
2026-09-28,300477.SZ,2.64,Tencent_raw,1,
2026-09-28,300716.SZ,17.43,Tencent_raw,1,
2026-09-28,301030.SZ,4.85,Tencent_raw,1,
2026-09-28,600180.SH,1.5,Tencent_raw,1,
2026-09-28,600337.SH,3.49,Tencent_raw,1,
2026-09-28,600340.SH,1.29,Tencent_raw,1,
2026-09-28,600491.SH,1.52,Tencent_raw,1,
2026-09-28,600537.SH,2.1,Tencent_raw,1,
2026-09-28,600881.SH,1.86,Tencent_raw,1,
2026-09-28,603377.SH,3.06,Tencent_raw,1,
2026-09-28,603378.SH,4.62,Tencent_raw,1,
2026-09-28,603398.SH,8.24,Tencent_raw,1,
2026-09-28,603843.SH,6.04,Tencent_raw,1,
2026-09-28,603959.SH,4.22,Tencent_raw,1,
2026-09-28,688033.SH,7.15,Tencent_raw,1,
2026-09-28,000752.SZ,9.01,Tencent_raw,1,
2026-09-28,000829.SZ,8.66,Tencent_raw,1,
2026-09-28,002514.SZ,2.54,Tencent_raw,1,
2026-09-28,300205.SZ,5.2,Tencent_raw,1,
2026-09-28,300460.SZ,8.91,Tencent_raw,1,
2026-09-28,002542.SZ,1.53,Tencent_raw,1,
2026-09-28,000056.SZ,2.73,Tencent_raw,1,
